Cluster_Name,NG_Count,NG_per_Engine
Assembly Discipline,2099,0.2075751582278481
Critical Fastening,206,0.020371835443037976
Routing & Interface,162,0.016020569620253163
Fitment Precision,144,0.014240506329113924
